codigo,disciplina,turma,horario,local,docente
01,2025.1,BRUNO CESAR RIBAS (60h),"35T45
											


		

											Terça-feira 16:00 às 17:50Quinta-feira 16:00 às 17:50",,60
01,2025.1,EDSON ALVES DA COSTA JUNIOR (60h),"35T45
											


		

											Terça-feira 16:00 às 17:50Quinta-feira 16:00 às 17:50",,50
01,2025.1,SERGIO ANTONIO ANDRADE DE FREITAS (60h),"24T23
											


		

											Segunda-feira 14:00 às 15:50Quarta-feira 14:00 às 15:50",,90
02,2025.1,FABIO MACEDO MENDES (60h),"46T45
											


		

											Quarta-feira 16:00 às 17:50Sexta-feira 16:00 às 17:50",,90
03,2025.1,FABIO MACEDO MENDES (60h),"46T6  46N1
											


		

											Quarta-feira 18:00 às 19:50Sexta-feira 18:00 às 19:50",,90
01,2025.1,VINICIUS DE CARVALHO RISPOLI (60h),"25T6  25N1
											


		

											Segunda-feira 18:00 às 19:50Quinta-feira 18:00 às 19:50",,60
01,2025.1,RONNE TOLEDO (60h),"24M34
											


		

											Segunda-feira 10:00 às 11:50Quarta-feira 10:00 às 11:50",,45
01,2025.1,MARCUS VINICIUS CHAFFIM COSTA (60h),"46M5  46T1
											


		

											Quarta-feira 12:00 às 13:50Sexta-feira 12:00 às 13:50",,40
01,2025.1,SANDRO AUGUSTO PAVLIK HADDAD (60h),"35T23
											


		

											Terça-feira 14:00 às 15:50Quinta-feira 14:00 às 15:50",,30
01,2025.1,RITA DE CASSIA SILVA (60h),"35M12
											


		

											Terça-feira 08:00 às 09:50Quinta-feira 08:00 às 09:50",,40
01,2025.1,JORGE ANDRES CORMANE ANGARITA (60h),"24T23
											


		

											Segunda-feira 14:00 às 15:50Quarta-feira 14:00 às 15:50",,40
01,2025.1,BRUNO CESAR RIBAS (60h),"35T23
											


		

											Terça-feira 14:00 às 15:50Quinta-feira 14:00 às 15:50",,120
01,2025.1,RAFAEL CASTILHO FARIA MENDES (60h),"2M1234
											


		

											Segunda-feira 08:00 às 11:50",,30
02,2025.1,WILLIAM REIS SILVA (60h),"46T23
											


		

											Quarta-feira 14:00 às 15:50Sexta-feira 14:00 às 15:50",,25
01,2025.1,OLEXIY SHYNKARENKO (75h),"35T45 6T4
											


		

											Terça-feira 16:00 às 17:50Quinta-feira 16:00 às 17:50Sexta-feira 16:00 às 16:55",,30
01,2025.1,ARTEM ANDRIANOV (75h),"2M5 35M12
											


		

											Segunda-feira 12:00 às 12:55Terça-feira 08:00 às 09:50Quinta-feira 08:00 às 09:50",,45
01,2025.1,RAFAEL RODRIGUES DA SILVA (60h),"24M34
											


		

											Segunda-feira 10:00 às 11:50Quarta-feira 10:00 às 11:50",,16
01,2025.1,OLEXIY SHYNKARENKO (60h),"35T23
											


		

											Terça-feira 14:00 às 15:50Quinta-feira 14:00 às 15:50",,30
01,2025.1,"THIAGO FELIPPE KURUDEZ CORDEIRO (30h)
										
										
										POLLIANA CANDIDA OLIVEIRA MARTINS (30h)","46M34
											


		

											Quarta-feira 10:00 às 11:50Sexta-feira 10:00 às 11:50",,30
01,2025.1,ANDREIA ALVES COSTA LINDINGER (60h),"35M34
											


		

											Terça-feira 10:00 às 11:50Quinta-feira 10:00 às 11:50",,45
01,2025.1,WILLIAM REIS SILVA (60h),"46M34
											


		

											Quarta-feira 10:00 às 11:50Sexta-feira 10:00 às 11:50",,45
01,2025.1,SERGIO HENRIQUE DA SILVA CARNEIRO (60h),"35M34
											


		

											Terça-feira 10:00 às 11:50Quinta-feira 10:00 às 11:50",,45
01,2025.1,"MAURICIO SERRANO (30h)
										
										
										MILENE SERRANO (30h)","2T2345
											


		

											Segunda-feira 14:00 às 17:50",,30
01,2025.1,WANDER CLEBER MARIA PEREIRA DA SILVA (60h),"35M34
											


		

											Terça-feira 10:00 às 11:50Quinta-feira 10:00 às 11:50",,20
01,2025.1,RHANDER VIANA (60h),"35T23
											


		

											Terça-feira 14:00 às 15:50Quinta-feira 14:00 às 15:50",,20
01,2025.1,EDISON GUSTAVO CUEVA GALARRAGA (60h),"35M34
											


		

											Terça-feira 10:00 às 11:50Quinta-feira 10:00 às 11:50",,20
01,2025.1,VANDOR ROBERTO VILARDI RISSOLI (60h),"35M12
											


		

											Terça-feira 08:00 às 09:50Quinta-feira 08:00 às 09:50",,80
02,2025.1,VANDOR ROBERTO VILARDI RISSOLI (60h),"35T23
											


		

											Terça-feira 14:00 às 15:50Quinta-feira 14:00 às 15:50",,80
01,2025.1,RONNE TOLEDO (60h),"24T45
											


		

											Segunda-feira 16:00 às 17:50Quarta-feira 16:00 às 17:50",,45
01,2025.1,RAFAEL CASTILHO FARIA MENDES (60h),"46M34
											


		

											Quarta-feira 10:00 às 11:50Sexta-feira 10:00 às 11:50",,45
02,2025.1,EULER DE VILHENA GARCIA (60h),"35M12
											


		

											Terça-feira 08:00 às 09:50Quinta-feira 08:00 às 09:50",,90
03,2025.1,LUCIANO EMIDIO NEVES DA FONSECA (60h),"24T23
											


		

											Segunda-feira 14:00 às 15:50Quarta-feira 14:00 às 15:50",,90
01,2025.1,GILMAR SILVA BESERRA (60h),"24M12
											


		

											Segunda-feira 08:00 às 09:50Quarta-feira 08:00 às 09:50",,60
01,2025.1,MARCUS VINICIUS CHAFFIM COSTA (30h),"6M12
											


		

											Sexta-feira 08:00 às 09:50",,24
02,2025.1,MARCUS VINICIUS CHAFFIM COSTA (30h),"6M34
											


		

											Sexta-feira 10:00 às 11:50",,24
03,2025.1,MARCUS VINICIUS CHAFFIM COSTA (30h),"4M34
											


		

											Quarta-feira 10:00 às 11:50",,24
01,2025.1,TIAGO MARTINS DE BRITO (30h),"6T23
											


		

											Sexta-feira 14:00 às 15:50",,20
01,2025.1,HENRIQUE MARRA TAIRA MENEGAZ (30h),"5T23
											


		

											Quinta-feira 14:00 às 15:50",,16
02,2025.1,HENRIQUE MARRA TAIRA MENEGAZ (30h),"5M12
											


		

											Quinta-feira 08:00 às 09:50",,16
03,2025.1,HENRIQUE MARRA TAIRA MENEGAZ (30h),"5M34
											


		

											Quinta-feira 10:00 às 11:50",,16
04,2025.1,HENRIQUE MARRA TAIRA MENEGAZ (30h),"5T45
											


		

											Quinta-feira 16:00 às 17:50",,16
06,2025.1,MARCELINO MONTEIRO DE ANDRADE (30h),"4M12
											


		

											Quarta-feira 08:00 às 09:50",,16
07,2025.1,MARCELINO MONTEIRO DE ANDRADE (30h),"4M34
											


		

											Quarta-feira 10:00 às 11:50",,16
08,2025.1,MARCELINO MONTEIRO DE ANDRADE (30h),"4T23
											


		

											Quarta-feira 14:00 às 15:50",,16
09,2025.1,MARCELINO MONTEIRO DE ANDRADE (30h),"4T45
											


		

											Quarta-feira 16:00 às 17:50",,16
01,2025.1,GILMAR SILVA BESERRA (30h),"4M34
											


		

											Quarta-feira 10:00 às 11:50",,30
02,2025.1,GILMAR SILVA BESERRA (30h),"2M34
											


		

											Segunda-feira 10:00 às 11:50",,30
01,2025.1,RENATO VILELA LOPES (60h),"46M12
											


		

											Quarta-feira 08:00 às 09:50Sexta-feira 08:00 às 09:50",,80
02,2025.1,RENATO VILELA LOPES (60h),"46T23
											


		

											Quarta-feira 14:00 às 15:50Sexta-feira 14:00 às 15:50",,80
03,2025.1,LUIS FILOMENO DE JESUS FERNANDES (60h),"35T45
											


		

											Terça-feira 16:00 às 17:50Quinta-feira 16:00 às 17:50",,80
01,2025.1,DANIEL MAURICIO MUNOZ ARBOLEDA (60h),"35M34
											


		

											Terça-feira 10:00 às 11:50Quinta-feira 10:00 às 11:50",,60
01,2025.1,EMMANUEL PACHECO ROCHA LIMA (15h),"2T4
											


		

											Segunda-feira 16:00 às 16:55",,15
02,2025.1,EMMANUEL PACHECO ROCHA LIMA (15h),"4T4
											


		

											Quarta-feira 16:00 às 16:55",,15
03,2025.1,RODRIGO ARBEY MUNOZ MENESES (15h),"4M3
											


		

											Quarta-feira 10:00 às 10:55",,15
04,2025.1,EMMANUEL PACHECO ROCHA LIMA (15h),"4M5
											


		

											Quarta-feira 12:00 às 12:55",,15
08,2025.1,SANDRA MARIA DA LUZ (15h),"2M2
											


		

											Segunda-feira 08:55 às 09:50",,15
09,2025.1,SANDRA MARIA DA LUZ (15h),"2M3
											


		

											Segunda-feira 10:00 às 10:55",,15
01,2025.1,"ALESSANDRO BORGES DE SOUSA OLIVEIRA (30h)
										
										
										FABIO ALFAIA DA CUNHA (30h)","46M12
											


		

											Quarta-feira 08:00 às 09:50Sexta-feira 08:00 às 09:50",,45
01,2025.1,EDISON GUSTAVO CUEVA GALARRAGA (60h),"35T23
											


		

											Terça-feira 14:00 às 15:50Quinta-feira 14:00 às 15:50",,15
01,2025.1,EMMANUEL PACHECO ROCHA LIMA (45h),"2T23 4T1
											


		

											Segunda-feira 14:00 às 15:50Quarta-feira 12:55 às 13:50",,60
02,2025.1,RODRIGO ARBEY MUNOZ MENESES (45h),"3T23 5T2
											


		

											Terça-feira 14:00 às 15:50Quinta-feira 14:00 às 14:55",,60
01,2025.1,SERGIO ANTONIO ANDRADE DE FREITAS (60h),"24M12
											


		

											Segunda-feira 08:00 às 09:50Quarta-feira 08:00 às 09:50",,60
01,2025.1,CRISTIANE LOESCH DE SOUZA COSTA (60h),"24M12
											


		

											Segunda-feira 08:00 às 09:50Quarta-feira 08:00 às 09:50",,120
02,2025.1,CRISTIANE LOESCH DE SOUZA COSTA (60h),"24M34
											


		

											Segunda-feira 10:00 às 11:50Quarta-feira 10:00 às 11:50",,120
01,2025.1,JORGE ANDRES CORMANE ANGARITA (60h),"24M12
											


		

											Segunda-feira 08:00 às 09:50Quarta-feira 08:00 às 09:50",,45
02,2025.1,FLAVIO HENRIQUE JUSTINIANO RIBEIRO DA SILVA (60h),"24T45
											


		

											Segunda-feira 16:00 às 17:50Quarta-feira 16:00 às 17:50",,45
01,2025.1,JORGE ANDRES CORMANE ANGARITA (30h),"2M34
											


		

											Segunda-feira 10:00 às 11:50",,20
03,2025.1,RUDI HENRI VAN ELS (30h),"3T23
											


		

											Terça-feira 14:00 às 15:50",,20
01,2025.1,FLAVIO HENRIQUE JUSTINIANO RIBEIRO DA SILVA (60h),"46M12
											


		

											Quarta-feira 08:00 às 09:50Sexta-feira 08:00 às 09:50",,40
01,2025.1,RUDI HENRI VAN ELS (30h),"4T45
											


		

											Quarta-feira 16:00 às 17:50",,20
02,2025.1,RUDI HENRI VAN ELS (30h),"4T23
											


		

											Quarta-feira 14:00 às 15:50",,20
01,2025.1,EBERTH DE ALMEIDA CORREA (60h),"35T23
											


		

											Terça-feira 14:00 às 15:50Quinta-feira 14:00 às 15:50",,45
01,2025.1,"LUCIANO GONCALVES NOLETO (45h)
										
										
										FELIPE CHAGAS STORTI (45h)","24M12  4T2
											


		

											Segunda-feira 08:00 às 09:50Quarta-feira 08:00 às 09:50Quarta-feira 14:00 às 14:55",,25
01,2025.1,SEBASTIEN ROLAND MARIE JOSEPH RONDINEAU (75h),"3M125 5M12
											


		

											Terça-feira 08:00 às 09:50Terça-feira 12:00 às 12:55Quinta-feira 08:00 às 09:50",,50
01,2025.1,ROBERTO DE SOUZA BAPTISTA (75h),"3T123 5T23
											


		

											Terça-feira 12:55 às 15:50Quinta-feira 14:00 às 15:50",,35
02,2025.1,THIAGO FELIPPE KURUDEZ CORDEIRO (75h),"46T23 5T1
											


		

											Quarta-feira 14:00 às 15:50Quinta-feira 12:55 às 13:50Sexta-feira 14:00 às 15:50",,35
01,2025.1,DANIEL COSTA ARAUJO (60h),"35M12
											


		

											Terça-feira 08:00 às 09:50Quinta-feira 08:00 às 09:50",,20
01,2025.1,WELLINGTON AVELINO DO AMARAL (60h),"35T23
											


		

											Terça-feira 14:00 às 15:50Quinta-feira 14:00 às 15:50",,20
01,2025.1,TIAGO MARTINS DE BRITO (30h),"2T45
											


		

											Segunda-feira 16:00 às 17:50",,20
01,2025.1,WELLINGTON AVELINO DO AMARAL (60h),"35T45
											


		

											Terça-feira 16:00 às 17:50Quinta-feira 16:00 às 17:50",,45
01,2025.1,MARCUS VINICIUS BATISTUTA (30h),"5M12
											


		

											Quinta-feira 08:00 às 09:50",,20
02,2025.1,GERARDO ANTONIO IDROBO PIZO (30h),"3M5  3T1
											


		

											Terça-feira 12:00 às 13:50",,20
01,2025.1,MARCUS VINICIUS BATISTUTA (60h),"35T45
											


		

											Terça-feira 16:00 às 17:50Quinta-feira 16:00 às 17:50",,60
01,2025.1,LUIS FILOMENO DE JESUS FERNANDES (90h),"356T23
											


		

											Terça-feira 14:00 às 15:50Quinta-feira 14:00 às 15:50Sexta-feira 14:00 às 15:50",,35
02,2025.1,LUCIANO EMIDIO NEVES DA FONSECA (90h),"246M12
											


		

											Segunda-feira 08:00 às 09:50Quarta-feira 08:00 às 09:50Sexta-feira 08:00 às 09:50",,35
01,2025.1,ROSEANY DE VASCONCELOS VIEIRA LOPES (60h),"24M34
											


		

											Segunda-feira 10:00 às 11:50Quarta-feira 10:00 às 11:50",,45
01,2025.1,LUI TXAI CALVOSO HABL (60h),"24M34
											


		

											Segunda-feira 10:00 às 11:50Quarta-feira 10:00 às 11:50",,30
02,2025.1,ARTUR ELIAS DE MORAIS BERTOLDI (60h),"35T45
											


		

											Terça-feira 16:00 às 17:50Quinta-feira 16:00 às 17:50",,40
01,2025.1,SEBASTIEN ROLAND MARIE JOSEPH RONDINEAU (60h),"35M34
											


		

											Terça-feira 10:00 às 11:50Quinta-feira 10:00 às 11:50",,45
02,2025.1,ARTUR ELIAS DE MORAIS BERTOLDI (60h),"35T6  35N1
											


		

											Terça-feira 18:00 às 19:50Quinta-feira 18:00 às 19:50",,25
01,2025.1,EBERTH DE ALMEIDA CORREA (30h),"3M34
											


		

											Terça-feira 10:00 às 11:50",,24
02,2025.1,LINDOMAR BOMFIM DE CARVALHO DE JESUS (60h),"35M34
											


		

											Terça-feira 10:00 às 11:50Quinta-feira 10:00 às 11:50",,60
03,2025.1,CRISTIANE LOESCH DE SOUZA COSTA (60h),"24M5  24T1
											


		

											Segunda-feira 12:00 às 13:50Quarta-feira 12:00 às 13:50",,90
01,2025.1,RENATO CORAL SAMPAIO (60h),"35T23
											


		

											Terça-feira 14:00 às 15:50Quinta-feira 14:00 às 15:50",,80
01,2025.1,ANDRE LUIZ ALMEIDA PENNA (60h),"24T23
											


		

											Segunda-feira 14:00 às 15:50Quarta-feira 14:00 às 15:50",,60
02,2025.1,ANDRE LUIZ ALMEIDA PENNA (60h),"46M12
											


		

											Quarta-feira 08:00 às 09:50Sexta-feira 08:00 às 09:50",,60
01,2025.1,GERARDO ANTONIO IDROBO PIZO (30h),"6T23
											


		

											Sexta-feira 14:00 às 15:50",,50
02,2025.1,GERARDO ANTONIO IDROBO PIZO (30h),"3T45
											


		

											Terça-feira 16:00 às 17:50",,80
03,2025.1,GERARDO ANTONIO IDROBO PIZO (30h),"6M5  6T1
											


		

											Sexta-feira 12:00 às 13:50",,80
01,2025.1,"RAFAEL CASTILHO FARIA MENDES (30h)
										
										
										THIAGO FELIPPE KURUDEZ CORDEIRO (30h)","46M12
											


		

											Quarta-feira 08:00 às 09:50Sexta-feira 08:00 às 09:50",,45
01,2025.1,LOANA NUNES VELASCO (60h),"46T45
											


		

											Quarta-feira 16:00 às 17:50Sexta-feira 16:00 às 17:50",,20
01,2025.1,MAURICIO SERRANO (60h),"26M34
											


		

											Segunda-feira 10:00 às 11:50Sexta-feira 10:00 às 11:50",,120
01,2025.1,EVANDRO LEONARDO SILVA TEIXEIRA (60h),"24T45
											


		

											Segunda-feira 16:00 às 17:50Quarta-feira 16:00 às 17:50",,20
01,2025.1,CLAUDIA PATRICIA OCHOA DIAZ (60h),"35M34
											


		

											Terça-feira 10:00 às 11:50Quinta-feira 10:00 às 11:50",,45
01,2025.1,PAULA MEYER SOARES (60h),"35T45
											


		

											Terça-feira 16:00 às 17:50Quinta-feira 16:00 às 17:50",,130
02,2025.1,GLAUCENY CIRNE DE MEDEIROS (60h),"46T45
											


		

											Quarta-feira 16:00 às 17:50Sexta-feira 16:00 às 17:50",,130
01,2025.1,MAURICIO SERRANO (60h),"26M12
											


		

											Segunda-feira 08:00 às 09:50Sexta-feira 08:00 às 09:50",,80
02,2025.1,GLAUCO VITOR PEDROSA (60h),"35M34
											


		

											Terça-feira 10:00 às 11:50Quinta-feira 10:00 às 11:50",,80
03,2025.1,GLAUCO VITOR PEDROSA (60h),"35T23
											


		

											Terça-feira 14:00 às 15:50Quinta-feira 14:00 às 15:50",,80
01,2025.1,MARIA VITORIA DUARTE FERRARI (60h),"46M34
											


		

											Quarta-feira 10:00 às 11:50Sexta-feira 10:00 às 11:50",,40
01,2025.1,TIAGO ALVES DA FONSECA (60h),"26M12
											


		

											Segunda-feira 08:00 às 09:50Sexta-feira 08:00 às 09:50",,110
02,2025.1,TIAGO ALVES DA FONSECA (60h),"24M34
											


		

											Segunda-feira 10:00 às 11:50Quarta-feira 10:00 às 11:50",,60
01,2025.1,NILTON CORREIA DA SILVA (60h),"35M34
											


		

											Terça-feira 10:00 às 11:50Quinta-feira 10:00 às 11:50",,80
02,2025.1,JOHN LENON CARDOSO GARDENGHI (60h),"35M34
											


		

											Terça-feira 10:00 às 11:50Quinta-feira 10:00 às 11:50",,120
01,2025.1,MARIA ALZIRA DE ARAUJO NUNES (30h),"2M34
											


		

											Segunda-feira 10:00 às 11:50",,60
02,2025.1,MARIA ALZIRA DE ARAUJO NUNES (30h),"2M12
											


		

											Segunda-feira 08:00 às 09:50",,120
01,2025.1,MATEUS RODRIGUES MIRANDA (60h),"46M12
											


		

											Quarta-feira 08:00 às 09:50Sexta-feira 08:00 às 09:50",,15
01,2025.1,GLAUCENY CIRNE DE MEDEIROS (60h),"46T23
											


		

											Quarta-feira 14:00 às 15:50Sexta-feira 14:00 às 15:50",,60
02,2025.1,SUZANA MOREIRA AVILA (60h),"35M34
											


		

											Terça-feira 10:00 às 11:50Quinta-feira 10:00 às 11:50",,80
03,2025.1,SERGIO HENRIQUE DA SILVA CARNEIRO (60h),"35M12
											


		

											Terça-feira 08:00 às 09:50Quinta-feira 08:00 às 09:50",,80
01,2025.1,ENEIDA GONZALEZ VALDES (60h),"46T23
											


		

											Quarta-feira 14:00 às 15:50Sexta-feira 14:00 às 15:50",,40
01,2025.1,JULIANA PETROCCHI RODRIGUES (60h),"46T23
											


		

											Quarta-feira 14:00 às 15:50Sexta-feira 14:00 às 15:50",,20
01,2025.1,MARILIA MIRANDA FORTE GOMES (60h),"46T23
											


		

											Quarta-feira 14:00 às 15:50Sexta-feira 14:00 às 15:50",,130
02,2025.1,RODRIGO ANDRES MIRANDA CERDA (60h),"24M34
											


		

											Segunda-feira 10:00 às 11:50Quarta-feira 10:00 às 11:50",,130
01,2025.1,ANDRE LUIZ PERON MARTINS LANNA (60h),"24T23
											


		

											Segunda-feira 14:00 às 15:50Quarta-feira 14:00 às 15:50",,45
02,2025.1,HENRIQUE GOMES DE MOURA (60h),"46T23
											


		

											Quarta-feira 14:00 às 15:50Sexta-feira 14:00 às 15:50",,80
03,2025.1,HENRIQUE GOMES DE MOURA (60h),"35M5  35T1
											


		

											Terça-feira 12:00 às 13:50Quinta-feira 12:00 às 13:50",,80
06,2025.1,ANDRE LUIZ PERON MARTINS LANNA (60h),"24M5  24T1
											


		

											Segunda-feira 12:00 às 13:50Quarta-feira 12:00 às 13:50",,80
02,2025.1,RODRIGO ANDRES MIRANDA CERDA (60h),"24M5  24T1
											


		

											Segunda-feira 12:00 às 13:50Quarta-feira 12:00 às 13:50",,120
03,2025.1,LINDOMAR BOMFIM DE CARVALHO DE JESUS (60h),"24M34
											


		

											Segunda-feira 10:00 às 11:50Quarta-feira 10:00 às 11:50",,49
01,2025.1,PATRICIA REGINA SOBRAL BRAGA (30h),"4T23
											


		

											Quarta-feira 14:00 às 15:50",,140
02,2025.1,RUDI HENRI VAN ELS (30h),"2M12
											


		

											Segunda-feira 08:00 às 09:50",,140
03,2025.1,RICARDO RAMOS FRAGELLI (30h),"2T23
											


		

											Segunda-feira 14:00 às 15:50",,140
01,2025.1,SANDRA MARIA FALEIROS LIMA (60h),"46T23
											


		

											Quarta-feira 14:00 às 15:50Sexta-feira 14:00 às 15:50",,45
02,2025.1,SANDRA MARIA FALEIROS LIMA (60h),"46M5  46T1
											


		

											Quarta-feira 12:00 às 13:50Sexta-feira 12:00 às 13:50",,90
03,2025.1,VANESSA MARIA DE CASTRO (60h),"35T23
											


		

											Terça-feira 14:00 às 15:50Quinta-feira 14:00 às 15:50",,90
04,2025.1,VANESSA MARIA DE CASTRO (60h),"35T45
											


		

											Terça-feira 16:00 às 17:50Quinta-feira 16:00 às 17:50",,90
01,2025.1,FABIANO ARAUJO SOARES (60h),"35T23
											


		

											Terça-feira 14:00 às 15:50Quinta-feira 14:00 às 15:50",,60
01,2025.1,SALEH BARBOSA KHALIL (60h),"35T23
											


		

											Terça-feira 14:00 às 15:50Quinta-feira 14:00 às 15:50",,45
01,2025.1,EUCLIDES DELGADO MARQUES SANT ANNA (90h),"246M12
											


		

											Segunda-feira 08:00 às 09:50Quarta-feira 08:00 às 09:50Sexta-feira 08:00 às 09:50",,75
02,2025.1,SALEH BARBOSA KHALIL (90h),"235M34
											


		

											Segunda-feira 10:00 às 11:50Terça-feira 10:00 às 11:50Quinta-feira 10:00 às 11:50",,75
04,2025.1,MATEUS RODRIGUES MIRANDA (90h),"356T45
											


		

											Terça-feira 16:00 às 17:50Quinta-feira 16:00 às 17:50Sexta-feira 16:00 às 17:50",,75
05,2025.1,ENEIDA GONZALEZ VALDES (90h),"246M12
											


		

											Segunda-feira 08:00 às 09:50Quarta-feira 08:00 às 09:50Sexta-feira 08:00 às 09:50",,75
06,2025.1,HIMILSYS HERNANDEZ GONZALEZ (90h),"235M34
											


		

											Segunda-feira 10:00 às 11:50Terça-feira 10:00 às 11:50Quinta-feira 10:00 às 11:50",,75
01,2025.1,AUGUSTO CESAR DE MENDONCA BRASIL (60h),"46M12
											


		

											Quarta-feira 08:00 às 09:50Sexta-feira 08:00 às 09:50",,60
01,2025.1,DANIEL SUNDFELD LIMA (60h),"24M5  24T1
											


		

											Segunda-feira 12:00 às 13:50Quarta-feira 12:00 às 13:50",,120
01,2025.1,"ANDRE BARROS DE SALES (45h)
										
										
										EDUARDO GABRIEL QUEIROZ PALMEIRA (15h)","35M34
											


		

											Terça-feira 10:00 às 11:50Quinta-feira 10:00 às 11:50",,40
02,2025.1,REJANE MARIA DA COSTA FIGUEIREDO (60h),"35T45
											


		

											Terça-feira 16:00 às 17:50Quinta-feira 16:00 às 17:50",,45
04,2025.1,SERGIO ANTONIO ANDRADE DE FREITAS (60h),"24M34
											


		

											Segunda-feira 10:00 às 11:50Quarta-feira 10:00 às 11:50",,45
01,2025.1,JOSIANE DO SOCORRO AGUIAR DE SOUZA DE OLIVEIRA CAMPOS (60h),"24M34
											


		

											Segunda-feira 10:00 às 11:50Quarta-feira 10:00 às 11:50",,30
01,2025.1,FELIPE CHAGAS STORTI (60h),"35T45
											


		

											Terça-feira 16:00 às 17:50Quinta-feira 16:00 às 17:50",,45
01,2025.1,MAURA ANGELICA MILFONT SHZU (60h),"35M34
											


		

											Terça-feira 10:00 às 11:50Quinta-feira 10:00 às 11:50",,50
01,2025.1,RODRIGO ARBEY MUNOZ MENESES (60h),"35M12
											


		

											Terça-feira 08:00 às 09:50Quinta-feira 08:00 às 09:50",,15
01,2025.1,"RITA DE CASSIA SILVA (60h)
										
										
										ALESSANDRO BORGES DE SOUSA OLIVEIRA (30h)","246M34
											


		

											Segunda-feira 10:00 às 11:50Quarta-feira 10:00 às 11:50Sexta-feira 10:00 às 11:50",,20
01,2025.1,"SANDRA MARIA DA LUZ (30h)
										
										
										EMMANUEL PACHECO ROCHA LIMA (30h)","35T23
											


		

											Terça-feira 14:00 às 15:50Quinta-feira 14:00 às 15:50",,45
01,2025.1,FABIO ALFAIA DA CUNHA (60h),"46T23
											


		

											Quarta-feira 14:00 às 15:50Sexta-feira 14:00 às 15:50",,25
01,2025.1,DANIEL MAURICIO MUNOZ ARBOLEDA (60h),"35M12
											


		

											Terça-feira 08:00 às 09:50Quinta-feira 08:00 às 09:50",,20
01,2025.1,"AUGUSTO CESAR DE MENDONCA BRASIL (15h)
										
										
										LUCIANO GONCALVES NOLETO (60h)","26M34 4M3
											


		

											Segunda-feira 10:00 às 11:50Quarta-feira 10:00 às 10:55Sexta-feira 10:00 às 11:50",,25
02,2025.1,"AUGUSTO CESAR DE MENDONCA BRASIL (60h)
										
										
										LUCIANO GONCALVES NOLETO (15h)","26M34 4M4
											


		

											Segunda-feira 10:00 às 11:50Quarta-feira 10:55 às 11:50Sexta-feira 10:00 às 11:50",,20
01,2025.1,MILENE SERRANO (60h),"26M34
											


		

											Segunda-feira 10:00 às 11:50Sexta-feira 10:00 às 11:50",,60
02,2025.1,MILENE SERRANO (60h),"26M12
											


		

											Segunda-feira 08:00 às 09:50Sexta-feira 08:00 às 09:50",,80
01,2025.1,EDSON ALVES DA COSTA JUNIOR (60h),"35T6  35N1
											


		

											Terça-feira 18:00 às 19:50Quinta-feira 18:00 às 19:50",,110
01,2025.1,CLENIO EMIDIO DA FONSECA (60h),"26T45
											


		

											Segunda-feira 16:00 às 17:50Sexta-feira 16:00 às 17:50",,80
02,2025.1,CLENIO EMIDIO DA FONSECA (60h),"7M1234
											


		

											Sábado 08:00 às 11:50",,80
01,2025.1,BRUNO LUIZ PEREIRA (60h),"35M34
											


		

											Terça-feira 10:00 às 11:50Quinta-feira 10:00 às 11:50",,16
02,2025.1,SANDRA MARIA DA LUZ (60h),"6M1234
											


		

											Sexta-feira 08:00 às 11:50",,15
01,2025.1,CRISTIANO JACQUES MIOSSO RODRIGUES MENDES (60h),"46M12
											


		

											Quarta-feira 08:00 às 09:50Sexta-feira 08:00 às 09:50",,45
01,2025.1,FABIANO ARAUJO SOARES (60h),"35T45
											


		

											Terça-feira 16:00 às 17:50Quinta-feira 16:00 às 17:50",,45
01,2025.1,EVANDRO LEONARDO SILVA TEIXEIRA (60h),"35M34
											


		

											Terça-feira 10:00 às 11:50Quinta-feira 10:00 às 11:50",,16
01,2025.1,CARLA TATIANA MOTA ANFLOR (60h),"24M12
											


		

											Segunda-feira 08:00 às 09:50Quarta-feira 08:00 às 09:50",,45
01,2025.1,MAURA ANGELICA MILFONT SHZU (60h),"35M12
											


		

											Terça-feira 08:00 às 09:50Quinta-feira 08:00 às 09:50",,40
01,2025.1,SUZANA MOREIRA AVILA (60h),"35M12
											


		

											Terça-feira 08:00 às 09:50Quinta-feira 08:00 às 09:50",,30
01,2025.1,HENRIQUE GOMES DE MOURA (60h),"24M34
											


		

											Segunda-feira 10:00 às 11:50Quarta-feira 10:00 às 11:50",,45
01,2025.1,ALESSANDRO BORGES DE SOUSA OLIVEIRA (60h),"35M12
											


		

											Terça-feira 08:00 às 09:50Quinta-feira 08:00 às 09:50",,20
01,2025.1,MARIA DEL PILAR HIDALGO FALLA (60h),"35T23
											


		

											Terça-feira 14:00 às 15:50Quinta-feira 14:00 às 15:50",,15
01,2025.1,ANDRE LUIZ PERON MARTINS LANNA (60h),"24T45
											


		

											Segunda-feira 16:00 às 17:50Quarta-feira 16:00 às 17:50",,80
01,2025.1,FERNANDO WILLIAM CRUZ (60h),"24T23
											


		

											Segunda-feira 14:00 às 15:50Quarta-feira 14:00 às 15:50",,80
02,2025.1,FERNANDO WILLIAM CRUZ (60h),"24M5  24T1
											


		

											Segunda-feira 12:00 às 13:50Quarta-feira 12:00 às 13:50",,80
01,2025.1,"RUDI HENRI VAN ELS (15h)
										
										
										LUCIANO GONCALVES NOLETO (60h)","46M12  2T4
											


		

											Segunda-feira 16:00 às 16:55Quarta-feira 08:00 às 09:50Sexta-feira 08:00 às 09:50",,25
01,2025.1,GABRIELA CUNHA POSSA (60h),"35M34
											


		

											Terça-feira 10:00 às 11:50Quinta-feira 10:00 às 11:50",,48
01,2025.1,ROBERTO DE SOUZA BAPTISTA (60h),"35M34
											


		

											Terça-feira 10:00 às 11:50Quinta-feira 10:00 às 11:50",,20
02,2025.1,GUILLERMO ALVAREZ BESTARD (60h),"24T6  24N1
											


		

											Segunda-feira 18:00 às 19:50Quarta-feira 18:00 às 19:50",,20
03,2025.1,MARCUS VINICIUS BATISTUTA (60h),"35M34
											


		

											Terça-feira 10:00 às 11:50Quinta-feira 10:00 às 11:50",,20
04,2025.1,EULER DE VILHENA GARCIA (60h),"35T23
											


		

											Terça-feira 14:00 às 15:50Quinta-feira 14:00 às 15:50",,20
05,2025.1,HENRIQUE GOMES DE MOURA (60h),"6M5  4T6 6T1  4N1
											


		

											Quarta-feira 18:00 às 19:50Sexta-feira 12:00 às 13:50",,20
06,2025.1,CLAUDIA PATRICIA OCHOA DIAZ (60h),"35M12
											


		

											Terça-feira 08:00 às 09:50Quinta-feira 08:00 às 09:50",,20
07,2025.1,CRISTIANO JACQUES MIOSSO RODRIGUES MENDES (60h),"46T23
											


		

											Quarta-feira 14:00 às 15:50Sexta-feira 14:00 às 15:50",,20
01,2025.1,LOANA NUNES VELASCO (75h),"4M345 6M34
											


		

											Quarta-feira 10:00 às 12:55Sexta-feira 10:00 às 11:50",,40
01,2025.1,PAULA MEYER SOARES (60h),"35M12
											


		

											Terça-feira 08:00 às 09:50Quinta-feira 08:00 às 09:50",,45
01,2025.1,MARIA ALZIRA DE ARAUJO NUNES (60h),"46M34
											


		

											Quarta-feira 10:00 às 11:50Sexta-feira 10:00 às 11:50",,15
01,2025.1,HENRIQUE GOMES DE MOURA (60h),"24M5  24T1
											


		

											Segunda-feira 12:00 às 13:50Quarta-feira 12:00 às 13:50",,60
01,2025.1,BRUNO LUIZ PEREIRA (60h),"35T23
											


		

											Terça-feira 14:00 às 15:50Quinta-feira 14:00 às 15:50",,16
01,2025.1,CARLA TATIANA MOTA ANFLOR (60h),"24M34 (24/03/2025 - 26/07/2025)
											


		

											Segunda-feira 10:00 às 11:50Quarta-feira 10:00 às 11:50",,30
01,2025.1,ARTEM ANDRIANOV (60h),"35M34 (24/03/2025 - 26/07/2025)
											


		

											Terça-feira 10:00 às 11:50Quinta-feira 10:00 às 11:50",,25
01,2025.1,ALEX REIS (60h),"46M34
											


		

											Quarta-feira 10:00 às 11:50Sexta-feira 10:00 às 11:50",,25
01,2025.1,MARIA VITORIA DUARTE FERRARI (60h),"46M12
											


		

											Quarta-feira 08:00 às 09:50Sexta-feira 08:00 às 09:50",,130
02,2025.1,JOSIANE DO SOCORRO AGUIAR DE SOUZA DE OLIVEIRA CAMPOS (60h),"24T45
											


		

											Segunda-feira 16:00 às 17:50Quarta-feira 16:00 às 17:50",,130
03,2025.1,FERNANDO PAIVA SCARDUA (60h),"35M34
											


		

											Terça-feira 10:00 às 11:50Quinta-feira 10:00 às 11:50",,125
01,2025.1,DIOGO CAETANO GARCIA (60h),"24T45
											


		

											Segunda-feira 16:00 às 17:50Quarta-feira 16:00 às 17:50",,35
02,2025.1,JULIANA PETROCCHI RODRIGUES (60h),"24T45
											


		

											Segunda-feira 16:00 às 17:50Quarta-feira 16:00 às 17:50",,35
03,2025.1,RICARDO AJAX DIAS KOSLOSKI (60h),"24T45
											


		

											Segunda-feira 16:00 às 17:50Quarta-feira 16:00 às 17:50",,45
04,2025.1,LUI TXAI CALVOSO HABL (60h),"24T45
											


		

											Segunda-feira 16:00 às 17:50Quarta-feira 16:00 às 17:50",,35
05,2025.1,RAFAEL RODRIGUES DA SILVA (60h),"24T45
											


		

											Segunda-feira 16:00 às 17:50Quarta-feira 16:00 às 17:50",,35
01,2025.1,SANDRO AUGUSTO PAVLIK HADDAD (90h),"4T45 6T2345
											


		

											Quarta-feira 16:00 às 17:50Sexta-feira 14:00 às 17:50",,35
02,2025.1,"CARLA SILVA ROCHA AGUIAR (30h)
										
										
										RICARDO MATOS CHAIM (60h)","4T45 6T2345
											


		

											Quarta-feira 16:00 às 17:50Sexta-feira 14:00 às 17:50",,35
03,2025.1,ALEX REIS (90h),"4T45 6T2345
											


		

											Quarta-feira 16:00 às 17:50Sexta-feira 14:00 às 17:50",,40
04,2025.1,POLLIANA CANDIDA OLIVEIRA MARTINS (90h),"4T45 6T2345
											


		

											Quarta-feira 16:00 às 17:50Sexta-feira 14:00 às 17:50",,35
05,2025.1,RHANDER VIANA (90h),"4T45 6T2345
											


		

											Quarta-feira 16:00 às 17:50Sexta-feira 14:00 às 17:50",,35
01,2025.1,MARIO DE OLIVEIRA ANDRADE (60h),"35T45
											


		

											Terça-feira 16:00 às 17:50Quinta-feira 16:00 às 17:50",,130
02,2025.1,REJANE MARIA DA COSTA FIGUEIREDO (60h),"35T23
											


		

											Terça-feira 14:00 às 15:50Quinta-feira 14:00 às 15:50",,130
01,2025.1,GUILLERMO ALVAREZ BESTARD (90h),"246T45
											


		

											Segunda-feira 16:00 às 17:50Quarta-feira 16:00 às 17:50Sexta-feira 16:00 às 17:50",,50
01,2025.1,DIOGO CAETANO GARCIA (90h),"246T23
											


		

											Segunda-feira 14:00 às 15:50Quarta-feira 14:00 às 15:50Sexta-feira 14:00 às 15:50",,50
01,2025.1,HILMER RODRIGUES NERI (60h),"35T45
											


		

											Terça-feira 16:00 às 17:50Quinta-feira 16:00 às 17:50",,45
02,2025.1,CARLA SILVA ROCHA AGUIAR (60h),"46M34
											


		

											Quarta-feira 10:00 às 11:50Sexta-feira 10:00 às 11:50",,80
03,2025.1,RICARDO AJAX DIAS KOSLOSKI (60h),"24T23
											


		

											Segunda-feira 14:00 às 15:50Quarta-feira 14:00 às 15:50",,60
01,2025.1,GEORGE MARSICANO CORREA (60h),"35M12
											


		

											Terça-feira 08:00 às 09:50Quinta-feira 08:00 às 09:50",,45
02,2025.1,GEORGE MARSICANO CORREA (60h),"35M34
											


		

											Terça-feira 10:00 às 11:50Quinta-feira 10:00 às 11:50",,45
03,2025.1,ANDRE BARROS DE SALES (60h),"35M12
											


		

											Terça-feira 08:00 às 09:50Quinta-feira 08:00 às 09:50",,40
01,2025.1,ELAINE VENSON (60h),"35T23
											


		

											Terça-feira 14:00 às 15:50Quinta-feira 14:00 às 15:50",,80
02,2025.1,ELAINE VENSON (60h),"35T45
											


		

											Terça-feira 16:00 às 17:50Quinta-feira 16:00 às 17:50",,80
01,2025.1,CRISTIANE SOARES RAMOS (60h),"24M34
											


		

											Segunda-feira 10:00 às 11:50Quarta-feira 10:00 às 11:50",,45
02,2025.1,CRISTIANE SOARES RAMOS (60h),"24T23
											


		

											Segunda-feira 14:00 às 15:50Quarta-feira 14:00 às 15:50",,45
01,2025.1,HILMER RODRIGUES NERI (60h),"35T23
											


		

											Terça-feira 14:00 às 15:50Quinta-feira 14:00 às 15:50",,45
02,2025.1,RICARDO MATOS CHAIM (60h),"46M5  46T1
											


		

											Quarta-feira 12:00 às 13:50Sexta-feira 12:00 às 13:50",,45
01,2025.1,RENATO CORAL SAMPAIO (60h),"35T45
											


		

											Terça-feira 16:00 às 17:50Quinta-feira 16:00 às 17:50",,80
02,2025.1,CARLA SILVA ROCHA AGUIAR (60h),"24T45
											


		

											Segunda-feira 16:00 às 17:50Quarta-feira 16:00 às 17:50",,90
01,2025.1,WANDER CLEBER MARIA PEREIRA DA SILVA (60h),"35T23
											


		

											Terça-feira 14:00 às 15:50Quinta-feira 14:00 às 15:50",,120
